{"parent":"avalon:block/leaves/leaves_bottom3","textures":{"1":"block/jungle_bush","particle":"block/jungle_bush","all":"block/leaves_jungle_bl"},"elements":[{"name":"leavesEW","from":[0.5,-5,0],"to":[15.5,3,16],"faces":{"east":{"uv":[0,0,16,8],"texture":"#all","tintindex":0},"west":{"uv":[0,0,16,8],"texture":"#all","tintindex":0}}},{"name":"leavesNS","from":[0,-5,0.5],"to":[16,3,15.5],"faces":{"north":{"uv":[0,0,16,8],"texture":"#all","tintindex":0},"south":{"uv":[0,0,16,8],"texture":"#all","tintindex":0}}},{"from":[8,0,-4],"to":[8,18,20],"rotation":{"angle":-22.5,"axis":"y","origin":[8,8,8]},"faces":{"north":{"uv":[0,0,0,64],"texture":"#missing","tintindex":0},"east":{"uv":[0,0,6,4.5],"texture":"#1","tintindex":0},"south":{"uv":[0,0,0,64],"texture":"#missing","tintindex":0},"west":{"uv":[0,0,6,4.5],"texture":"#1","tintindex":0},"up":{"uv":[0,0,64,0],"rotation":270,"texture":"#missing"},"down":{"uv":[0,0,64,0],"rotation":90,"texture":"#missing"}}},{"from":[-4,-4,8],"to":[20,18,8],"rotation":{"angle":-22.5,"axis":"y","origin":[8,8,8]},"faces":{"north":{"uv":[0,0,6,6],"texture":"#1","tintindex":0},"east":{"uv":[0,0,0,22],"texture":"#missing"},"south":{"uv":[0,0,6,6],"texture":"#1","tintindex":0},"west":{"uv":[0,0,0,22],"texture":"#missing","tintindex":0},"up":{"uv":[0,0,24,0],"texture":"#missing"},"down":{"uv":[0,0,24,0],"texture":"#missing"}}}]}