{"parent":"minecraft:block/block","textures":{"particle":"block/leaves_acacia_bl"},"elements":[{"name":"leavesEW","from":[5.5,-8,0],"to":[9.5,0,16],"faces":{"east":{"uv":[0,0,16,8],"texture":"#all","cullface":"down","tintindex":0},"west":{"uv":[0,0,16,8],"texture":"#all","cullface":"down","tintindex":0}}},{"name":"leavesNS","from":[0,-8,6.5],"to":[16,0,10.5],"faces":{"north":{"uv":[0,0,16,8],"texture":"#all","cullface":"down","tintindex":0},"south":{"uv":[0,0,16,8],"texture":"#all","cullface":"down","tintindex":0}}}]}