{"parent":"minecraft:block/block","textures":{"1":"block/cherry_leaves_long","particle":"block/cherry_leaves_long","all":"block/leaves_cherry_bl"},"elements":[{"name":"leavesEW","from":[0.5,-5,0],"to":[15.5,3,16],"faces":{"east":{"uv":[0,0,16,8],"texture":"#all","cullface":"down","tintindex":0},"west":{"uv":[0,0,16,8],"texture":"#all","cullface":"down","tintindex":0}}},{"name":"leavesEW","from":[0.5,-13,3],"to":[0.5,3,19],"rotation":{"angle":45,"axis":"y","origin":[0,0,0]},"faces":{"east":{"uv":[0,0,16,16],"texture":"#1","cullface":"down","tintindex":0},"west":{"uv":[0,0,16,16],"texture":"#1","cullface":"down","tintindex":0}}},{"name":"leavesNS","from":[0,-5,0.5],"to":[16,3,15.5],"faces":{"north":{"uv":[0,0,16,8],"texture":"#all","cullface":"down","tintindex":0},"south":{"uv":[0,0,16,8],"texture":"#all","cullface":"down","tintindex":0}}},{"name":"leavesNS","from":[-8,-13,11.5],"to":[8,3,11.5],"rotation":{"angle":45,"axis":"y","origin":[0,0,0]},"faces":{"north":{"uv":[0,0,16,16],"texture":"#1","cullface":"down","tintindex":0},"south":{"uv":[0,0,16,16],"texture":"#1","cullface":"down","tintindex":0}}}]}