{"parent":"minecraft:block/block","elements":[{"from":[0.01,16.01,0.01],"to":[15.99,16.99,15.99],"rotation":{"angle":0,"axis":"y","origin":[8,24,8]},"faces":{"north":{"uv":[0,15,16,16],"texture":"#all","cullface":"up","tintindex":0},"east":{"uv":[0,15,16,16],"texture":"#all","cullface":"up","tintindex":0},"south":{"uv":[0,15,16,16],"texture":"#all","cullface":"up","tintindex":0},"west":{"uv":[0,15,16,16],"texture":"#all","cullface":"up","tintindex":0},"up":{"uv":[0,0,16,16],"texture":"#all","cullface":"up","tintindex":0}}}]}