{"parent":"minecraft:block/block","textures":{"1":"block/cherry_bush","all":"block/leaves_cherry_bl"},"elements":[{"name":"leavesEW","from":[0.5,-5,0],"to":[15.5,3,16],"faces":{"east":{"uv":[0,0,16,8],"texture":"#all","cullface":"down","tintindex":0},"west":{"uv":[0,0,16,8],"texture":"#all","cullface":"down","tintindex":0}}},{"name":"leavesNS","from":[0,-5,0.5],"to":[16,3,15.5],"faces":{"north":{"uv":[0,0,16,8],"texture":"#all","cullface":"down","tintindex":0},"south":{"uv":[0,0,16,8],"texture":"#all","cullface":"down","tintindex":0}}},{"from":[8,0,-4],"to":[8,18,20],"rotation":{"angle":-22.5,"axis":"y","origin":[8,8,8]},"faces":{"east":{"uv":[0,0,6,5.875],"texture":"#1","cullface":"east","tintindex":0},"west":{"uv":[0,0,6,5.875],"texture":"#1","cullface":"west","tintindex":0}}},{"from":[-4,-4,8],"to":[20,18,8],"rotation":{"angle":-22.5,"axis":"y","origin":[8,8,8]},"faces":{"north":{"uv":[0,0,6,6],"texture":"#1","cullface":"north","tintindex":0},"south":{"uv":[0,0,6,6],"texture":"#1","cullface":"south","tintindex":0}}}]}