{
    "multipart": [
        {
            "apply": [
                {
                    "model": "block/acacia_leaves"
                },
                {
                    "model": "block/acacia_leaves1"
                }
            ]
        },
        {
            "apply": [
                {
                    "model": "avalon:block/leaves/acacia_leaves/top0"
                },
                {
                    "model": "avalon:block/leaves/acacia_leaves/top1"
                },
                {
                    "model": "avalon:block/leaves/acacia_leaves/top2"
                },
                {
                    "model": "avalon:block/leaves/acacia_leaves/top3"
                }
            ]
        },
        {
            "apply": [
                {
                    "model": "avalon:block/leaves/acacia_leaves/bottom0"
                },
                {
                    "model": "avalon:block/leaves/acacia_leaves/bottom1"
                },
                {
                    "model": "avalon:block/leaves/acacia_leaves/bottom2"
                },
                {
                    "model": "avalon:block/leaves/acacia_leaves/bottom3"
                }
            ]
        }
    ]
}