{"variants":{"facing=down,open=false":{"x":180,"model":"minecraft:block/barrel"},"facing=down,open=true":{"x":180,"model":"minecraft:block/barrel_open"},"facing=east,open=false":{"x":90,"y":90,"model":"minecraft:block/barrel"},"facing=east,open=true":{"x":90,"y":90,"model":"minecraft:block/barrel_open"},"facing=north,open=false":{"x":90,"model":"minecraft:block/barrel"},"facing=north,open=true":{"x":90,"model":"minecraft:block/barrel_open"},"facing=south,open=false":{"x":90,"y":180,"model":"minecraft:block/barrel"},"facing=south,open=true":{"x":90,"y":180,"model":"minecraft:block/barrel_open"},"facing=up,open=false":{"model":"minecraft:block/barrel"},"facing=up,open=true":{"model":"minecraft:block/barrel_open"},"facing=west,open=false":{"x":90,"y":270,"model":"minecraft:block/barrel"},"facing=west,open=true":{"x":90,"y":270,"model":"minecraft:block/barrel_open"}}}