{"variants":{"facing=north,tilt=full":[{"model":"minecraft:block/foliage/drip/big_dripleaf_full_tilt"},{"model":"minecraft:block/foliage/drip/big_dripleaf_full_tilt1"},{"model":"minecraft:block/foliage/drip/big_dripleaf_full_tilt2"}],"facing=north,tilt=none":[{"model":"minecraft:block/foliage/drip/big_dripleaf"},{"model":"minecraft:block/foliage/drip/big_dripleaf1"},{"model":"minecraft:block/foliage/drip/big_dripleaf2"}],"facing=north,tilt=partial":[{"model":"minecraft:block/foliage/drip/big_dripleaf_partial_tilt"},{"model":"minecraft:block/foliage/drip/big_dripleaf_partial_tilt1"},{"model":"minecraft:block/foliage/drip/big_dripleaf_partial_tilt2"}],"facing=north,tilt=unstable":[{"model":"minecraft:block/foliage/drip/big_dripleaf"},{"model":"minecraft:block/foliage/drip/big_dripleaf1"},{"model":"minecraft:block/foliage/drip/big_dripleaf2"}],"facing=east,tilt=full":[{"model":"minecraft:block/foliage/drip/big_dripleaf_full_tilt","y":90},{"model":"minecraft:block/foliage/drip/big_dripleaf_full_tilt1","y":90},{"model":"minecraft:block/foliage/drip/big_dripleaf_full_tilt2","y":90}],"facing=east,tilt=none":[{"model":"minecraft:block/foliage/drip/big_dripleaf","y":90},{"model":"minecraft:block/foliage/drip/big_dripleaf1","y":90},{"model":"minecraft:block/foliage/drip/big_dripleaf2","y":90}],"facing=east,tilt=partial":[{"model":"minecraft:block/foliage/drip/big_dripleaf_partial_tilt","y":90},{"model":"minecraft:block/foliage/drip/big_dripleaf_partial_tilt1","y":90},{"model":"minecraft:block/foliage/drip/big_dripleaf_partial_tilt2","y":90}],"facing=east,tilt=unstable":[{"model":"minecraft:block/foliage/drip/big_dripleaf","y":90},{"model":"minecraft:block/foliage/drip/big_dripleaf1","y":90},{"model":"minecraft:block/foliage/drip/big_dripleaf2","y":90}],"facing=south,tilt=full":[{"model":"minecraft:block/foliage/drip/big_dripleaf_full_tilt","y":180},{"model":"minecraft:block/foliage/drip/big_dripleaf_full_tilt1","y":180},{"model":"minecraft:block/foliage/drip/big_dripleaf_full_tilt2","y":180}],"facing=south,tilt=none":[{"model":"minecraft:block/foliage/drip/big_dripleaf","y":180},{"model":"minecraft:block/foliage/drip/big_dripleaf1","y":180},{"model":"minecraft:block/foliage/drip/big_dripleaf2","y":180}],"facing=south,tilt=partial":[{"model":"minecraft:block/foliage/drip/big_dripleaf_partial_tilt","y":180},{"model":"minecraft:block/foliage/drip/big_dripleaf_partial_tilt1","y":180},{"model":"minecraft:block/foliage/drip/big_dripleaf_partial_tilt2","y":180}],"facing=south,tilt=unstable":[{"model":"minecraft:block/foliage/drip/big_dripleaf","y":180},{"model":"minecraft:block/foliage/drip/big_dripleaf1","y":180},{"model":"minecraft:block/foliage/drip/big_dripleaf2","y":180}],"facing=west,tilt=full":[{"model":"minecraft:block/foliage/drip/big_dripleaf_full_tilt","y":270},{"model":"minecraft:block/foliage/drip/big_dripleaf_full_tilt1","y":270},{"model":"minecraft:block/foliage/drip/big_dripleaf_full_tilt2","y":270}],"facing=west,tilt=none":[{"model":"minecraft:block/foliage/drip/big_dripleaf","y":270},{"model":"minecraft:block/foliage/drip/big_dripleaf1","y":270},{"model":"minecraft:block/foliage/drip/big_dripleaf2","y":270}],"facing=west,tilt=partial":[{"model":"minecraft:block/foliage/drip/big_dripleaf_partial_tilt","y":270},{"model":"minecraft:block/foliage/drip/big_dripleaf_partial_tilt1","y":270},{"model":"minecraft:block/foliage/drip/big_dripleaf_partial_tilt2","y":270}],"facing=west,tilt=unstable":[{"model":"minecraft:block/foliage/drip/big_dripleaf","y":270},{"model":"minecraft:block/foliage/drip/big_dripleaf1","y":270},{"model":"minecraft:block/foliage/drip/big_dripleaf2","y":270}]}}