{"variants":{"facing=north":[{"model":"minecraft:block/foliage/drip/big_dripleaf_stem"},{"model":"minecraft:block/foliage/drip/big_dripleaf_stem1"},{"model":"minecraft:block/foliage/drip/big_dripleaf_stem2"}],"facing=east":[{"model":"minecraft:block/foliage/drip/big_dripleaf_stem","y":90},{"model":"minecraft:block/foliage/drip/big_dripleaf_stem1","y":90},{"model":"minecraft:block/foliage/drip/big_dripleaf_stem2","y":90}],"facing=south":[{"model":"minecraft:block/foliage/drip/big_dripleaf_stem","y":180},{"model":"minecraft:block/foliage/drip/big_dripleaf_stem1","y":180},{"model":"minecraft:block/foliage/drip/big_dripleaf_stem2","y":180}],"facing=west":[{"model":"minecraft:block/foliage/drip/big_dripleaf_stem","y":270},{"model":"minecraft:block/foliage/drip/big_dripleaf_stem1","y":270},{"model":"minecraft:block/foliage/drip/big_dripleaf_stem2","y":270}]}}