{"parent":"block/cube_column","textures":{"2":"block/birch_log","particle":"block/birch_log","end":"block/birch_log_top","side":"block/birch_log3"},"elements":[{"from":[0,0,0],"to":[16,16,16],"faces":{"north":{"uv":[0,0,16,16],"texture":"#2","cullface":"north"},"east":{"uv":[0,0,16,16],"texture":"#2","cullface":"east"},"south":{"uv":[0,0,16,16],"texture":"#side","cullface":"south"},"west":{"uv":[0,0,16,16],"texture":"#2","cullface":"west"},"up":{"uv":[0,0,16,16],"texture":"#end","cullface":"up"},"down":{"uv":[0,0,16,16],"texture":"#end","cullface":"down"}}},{"from":[10,8,16],"to":[13,14,17],"rotation":{"angle":0,"axis":"y","origin":[8,8,7.5]},"faces":{"east":{"uv":[14,2,15,7],"texture":"#side","cullface":"east"},"south":{"uv":[10,2,13,8],"texture":"#side","cullface":"south"},"west":{"uv":[8,2,9,7],"texture":"#side","cullface":"west"},"up":{"uv":[0,0,3,1],"texture":"#side","cullface":"up"},"down":{"uv":[0,0,3,1],"texture":"#side","cullface":"down"}}},{"from":[9,9,16],"to":[10,14,17],"rotation":{"angle":0,"axis":"y","origin":[8,8,7.5]},"faces":{"south":{"uv":[9,2,10,7],"texture":"#side","cullface":"south"},"west":{"uv":[8,3,9,6],"texture":"#side","cullface":"west"},"up":{"uv":[0,0,1,1],"texture":"#side","cullface":"up"},"down":{"uv":[0,0,1,1],"texture":"#side","cullface":"down"}}},{"from":[13,9,16],"to":[14,14,17],"rotation":{"angle":0,"axis":"y","origin":[8,8,7.5]},"faces":{"east":{"uv":[14,3,15,6],"texture":"#side","cullface":"east"},"south":{"uv":[13,2,14,7],"texture":"#side","cullface":"south"},"up":{"uv":[0,0,1,1],"texture":"#side","cullface":"up"},"down":{"uv":[0,0,1,1],"texture":"#side","cullface":"down"}}}]}