{"parent":"block/cube_column","textures":{"2":"block/birch_log","3":"block/birch_log2","particle":"block/birch_log","end":"block/birch_log_top"},"elements":[{"from":[0,0,0],"to":[16,16,16],"faces":{"north":{"uv":[0,0,16,16],"texture":"#2","cullface":"north"},"east":{"uv":[0,0,16,16],"texture":"#2","cullface":"east"},"south":{"uv":[0,0,16,16],"texture":"#3","cullface":"south"},"west":{"uv":[0,0,16,16],"texture":"#2","cullface":"west"},"up":{"uv":[0,0,16,16],"texture":"#end","cullface":"up"},"down":{"uv":[0,0,16,16],"texture":"#end","cullface":"down"}}}]}