{"textures":{"2":"block/birch_log0","3":"block/birch_log_top"},"elements":[{"from":[0,0,0],"to":[16,16,16],"faces":{"north":{"uv":[0,0,16,16],"texture":"#2","cullface":"north"},"east":{"uv":[0,0,16,16],"texture":"#2","cullface":"east"},"south":{"uv":[0,0,16,16],"texture":"#2","cullface":"south"},"west":{"uv":[0,0,16,16],"texture":"#2","cullface":"west"},"up":{"uv":[0,0,16,16],"texture":"#3","cullface":"up"},"down":{"uv":[0,0,16,16],"texture":"#3","cullface":"down"}}},{"from":[-1,1,1],"to":[0,15,15],"faces":{"north":{"uv":[0,1,1,15],"texture":"#2","cullface":"west"},"south":{"uv":[15,1,16,15],"texture":"#2","cullface":"west"},"west":{"uv":[1,1,15,15],"texture":"#2","cullface":"west"},"up":{"uv":[1,1,15,2],"rotation":270,"texture":"#2","cullface":"west"},"down":{"uv":[1,14.5,15,15.5],"rotation":270,"texture":"#2","cullface":"west"}}}]}