{"parent":"block/cube_column","textures":{"2":"block/birch_log","3":"block/birch_log4","particle":"block/birch_log","end":"block/birch_log_top"},"elements":[{"from":[0,0,0],"to":[16,16,16],"faces":{"north":{"uv":[0,0,16,16],"texture":"#2","cullface":"north"},"east":{"uv":[0,0,16,16],"texture":"#2","cullface":"east"},"south":{"uv":[0,0,16,16],"texture":"#3","cullface":"south"},"west":{"uv":[0,0,16,16],"texture":"#2","cullface":"west"},"up":{"uv":[0,0,16,16],"texture":"#end","cullface":"up"},"down":{"uv":[0,0,16,16],"texture":"#end","cullface":"down"}}},{"from":[3,2,16],"to":[6,7,17],"faces":{"east":{"uv":[6,9,7,14],"texture":"#3","cullface":"east"},"south":{"uv":[3,9,6,14],"texture":"#3","cullface":"south"},"west":{"uv":[2,9,3,14],"texture":"#3","cullface":"west"},"up":{"uv":[0,0,3,1],"texture":"#3","cullface":"up"},"down":{"uv":[0,0,3,1],"texture":"#3","cullface":"down"}}},{"from":[6,3,16],"to":[7,6,17],"faces":{"east":{"uv":[7,10,8,13],"texture":"#3","cullface":"east"},"south":{"uv":[6,10,7,13],"texture":"#3","cullface":"south"},"up":{"uv":[0,0,1,1],"texture":"#3","cullface":"up"},"down":{"uv":[0,0,1,1],"texture":"#3","cullface":"down"}}},{"from":[2,3,16],"to":[3,6,17],"faces":{"south":{"uv":[2,10,3,13],"texture":"#3","cullface":"south"},"west":{"uv":[9,0,10,3],"texture":"#3","cullface":"west"},"up":{"uv":[0,0,1,1],"texture":"#3","cullface":"up"},"down":{"uv":[0,0,1,1],"texture":"#3","cullface":"down"}}}]}