{
  "variants": {
    "axis=x": [
      {
        "model": "minecraft:block/chain",
        "x": 90,
        "y": 90
      },
      {
        "model": "minecraft:block/chain1",
        "x": 90,
        "y": 90
      },
      {
        "model": "minecraft:block/chain2",
        "x": 90,
        "y": 90
      }
    ],
    "axis=y": [
      {
        "model": "minecraft:block/chain"
      },
      {
        "model": "minecraft:block/chain1"
      },
      {
        "model": "minecraft:block/chain2"
      }
    ],
    "axis=z": [
      {
        "model": "minecraft:block/chain",
        "x": 90
      },
      {
        "model": "minecraft:block/chain1",
        "x": 90
      },
      {
        "model": "minecraft:block/chain2",
        "x": 90
      }
    ]
  }
}