{
   "multipart":[
      {
         "apply":[
            {"model":"block/cherry_leaves"
                               },
                {
                    "model": "block/cherry_leaves1"
                }
         ]
      },
          {
         "apply":[
            {"model":"avalon:block/leaves/cherry_leaves/top0"},
               {"model":"avalon:block/leaves/cherry_leaves/top1"},
               {"model":"avalon:block/leaves/cherry_leaves/top2"},
               {"model":"avalon:block/leaves/cherry_leaves/top3"}
         ]
      },
       {
         "apply":[
            {"model":"avalon:block/leaves/cherry_leaves/bottom0"},
            {"model":"avalon:block/leaves/cherry_leaves/bottom1"},
            {"model":"avalon:block/leaves/cherry_leaves/bottom2"},
            {"model":"avalon:block/leaves/cherry_leaves/bottom3"},
            {"model":"avalon:block/leaves/cherry_leaves/bottom4"}
         ]
      }
   ]
}