{
   "multipart":[
      {
         "apply":[
            {"model":"block/dark_oak_leaves"}
         ]
      },
          {
         "apply":[
            {"model":"avalon:block/leaves/dark_oak_leaves/top0"},
               {"model":"avalon:block/leaves/dark_oak_leaves/top1"},
               {"model":"avalon:block/leaves/dark_oak_leaves/top2"},
               {"model":"avalon:block/leaves/dark_oak_leaves/top3"}
         ]
      },
       {
         "apply":[
            {"model":"avalon:block/leaves/dark_oak_leaves/bottom0"},
            {"model":"avalon:block/leaves/dark_oak_leaves/bottom1"},
            {"model":"avalon:block/leaves/dark_oak_leaves/bottom2"},
            {"model":"avalon:block/leaves/dark_oak_leaves/bottom3"}
         ]
      }
   ]
}