{"variants":{"":[{"model":"block/grass_path","weight":15},{"model":"block/grass_path","y":90,"weight":15},{"model":"block/grass_path","y":180,"weight":15},{"model":"block/grass_path","y":270,"weight":15},{"model":"block/grass_path2","weight":5},{"model":"block/grass_path2","y":90,"weight":5},{"model":"block/grass_path2","y":180,"weight":5},{"model":"block/grass_path2","y":270,"weight":5},{"model":"block/grass_path3","weight":1},{"model":"block/grass_path3","y":90,"weight":1},{"model":"block/grass_path3","y":180,"weight":1},{"model":"block/grass_path3","y":270,"weight":1},{"model":"block/grass_path4","weight":1},{"model":"block/grass_path4","y":90,"weight":1},{"model":"block/grass_path4","y":180,"weight":1},{"model":"block/grass_path4","y":270,"weight":1},{"model":"block/grass_path5","weight":1},{"model":"block/grass_path5","y":90,"weight":1},{"model":"block/grass_path5","y":180,"weight":1},{"model":"block/grass_path5","y":270,"weight":1},{"model":"block/dirt_path","y":90,"weight":1},{"model":"block/dirt_path","y":180,"weight":1},{"model":"block/dirt_path","y":270,"weight":1}]}}