{
    "variants":
    {
        "":
        [
            {
                "model": "block/fern",
                "weight": 50
            },
            {
                "model": "block/fern1",
                "weight": 20
            },
            {
                "model":"block/fern2",
                "weight": 20
            },
            {
                "model":"block/fern3",
                "weight":20
            },
            {
                "model":"block/fern4",
                "weight":20
            }
        ]
    }
}