{
   "multipart":[
      {
         "apply":[
            {"model":"block/flowering_azalea_leaves"                               },
                {
                    "model": "block/flowering_azalea_leaves1"
                }
         ]
      },
          {
         "apply":[
            {"model":"avalon:block/leaves/flowering_azalea_leaves/top0"},
               {"model":"avalon:block/leaves/flowering_azalea_leaves/top1"},
               {"model":"avalon:block/leaves/flowering_azalea_leaves/top2"},
               {"model":"avalon:block/leaves/flowering_azalea_leaves/top3"}
         ]
      },
       {
         "apply":[
            {"model":"avalon:block/leaves/flowering_azalea_leaves/bottom0"},
            {"model":"avalon:block/leaves/flowering_azalea_leaves/bottom1"},
            {"model":"avalon:block/leaves/flowering_azalea_leaves/bottom2"},
            {"model":"avalon:block/leaves/flowering_azalea_leaves/bottom3"}
         ]
      }
   ]
}