{"parent":"avalon:block/leaves/leaves_bottom1","textures":{"1":"block/leaves_spruce_bl_pine","all":"block/leaves_spruce_bl_notint","particle":"block/leaves_spruce_bl_pine"},"elements":[{"name":"leavesNS","from":[0,-6,0.5],"to":[16,2,15.5],"faces":{"north":{"uv":[0,0,16,8],"texture":"#all"},"south":{"uv":[0,0,16,8],"texture":"#all"}}},{"name":"leavesNS","from":[0,-6,0.7],"to":[16,2,15.3],"faces":{"north":{"uv":[0,0,16,8],"texture":"#1"},"south":{"uv":[0,0,16,8],"texture":"#1"}}},{"name":"leavesEW","from":[0.5,-6,0],"to":[15.5,2,16],"faces":{"east":{"uv":[0,0,16,8],"texture":"#all"},"west":{"uv":[0,0,16,8],"texture":"#all"}}},{"name":"leavesEW","from":[0.7,-6,0],"to":[15.3,2,16],"faces":{"east":{"uv":[0,0,16,8],"texture":"#1"},"west":{"uv":[0,0,16,8],"texture":"#1"}}}]}