{"parent":"minecraft:block/block","textures":{"all":"block/spruce_leavesnotinttop"},"elements":[{"from":[0.01,16.01,0.01],"to":[15.99,18.99,15.99],"rotation":{"angle":0,"axis":"y","origin":[8,24,8]},"faces":{"north":{"uv":[0,13,15.98,15.98],"texture":"#all","cullface":"up"},"east":{"uv":[0,13,15.98,15.98],"texture":"#all","cullface":"up"},"south":{"uv":[0,13,15.98,15.98],"texture":"#all","cullface":"up"},"west":{"uv":[0,13,15.98,15.98],"texture":"#all","cullface":"up"},"up":{"uv":[0,0,15.98,15.98],"texture":"#all","cullface":"up"}}}]}